"variable","importance"
"TOV_2018",0.550593273971509
"TOV_2016",0.450867244509951
"TOV_2021",0.354475546328123
"TOV_2013",0.338372024914101
"TOV_2023",0.322074620653249
"TOV_2017",0.275748031554188
"TOV_2007",0.258132789518615
"TOV_2024",0.248842272839433
"TOV_2015",0.243410045461965
"CT_aboriginal_pct_2011_slag",0.234699777230162
"TOV_2020",0.219944909269747
"TOV_2006",0.201019316287514
"CT_aboriginal_pct_2001_slag",0.194371163378258
"TOV_2022",0.191000411362614
"CT_aboriginal_pct_2016_slag",0.17828566222676
"TOV_2011",0.177502965077644
"TOV_2004",0.169766017840299
"CT_shelter_pct_abschange_slag",0.167259427209023
"TOV_2019",0.162560105549061
"TOV_2008",0.150365617349319
"CT_aboriginal_pct_2006_slag",0.14952025997362
"TOV_2014",0.145940506921119
"CT_shelter_pct_trend",0.137987028612319
"CT_shelter_pct_abschange",0.135268098302571
"CT_unemployment_rate_2006_slag",0.132852826546895
"CT_shelter_pct_trend_slag",0.116021259345488
"TOV_2012",0.113690585059187
"CT_aboriginal_pct_2011",0.113360769850191
"CT_unemployment_rate_2001_slag",0.112314087899367
"CT_aboriginal_pct_2021_slag",0.10972731927486
"TOV_2010",0.106181141650444
"TOV_2009",0.105833026343845
"CT_aboriginal_pct_2006",0.0982657870483057
"TOV_2003",0.0982590962819817
"TOV_2005",0.0856840180146567
"CT_married_pct_2021",0.0829297112514415
"CT_aboriginal_pct_2016",0.0815797018171661
"CT_married_pct_2021_slag",0.0806732422628988
"CT_med_income_ln_cv_slag",0.0726837163455955
"CT_bachelors_pct_cv",0.0659508510974984
"CT_unemployment_rate_2011",0.0657238137509392
"CT_med_income_ln_pctchange_slag",0.0576450664831257
"CT_renters_pct_abschange_slag",0.0552063076013662
"weighted_diversity_25",0.0549791814203179
"CT_med_income_ln_2001",0.0541699837225306
"CT_unemployment_rate_2011_slag",0.0536445385909004
"CT_married_pct_2016_slag",0.0490958783159276
"CT_med_income_ln_trend_slag",0.0459964013545571
"CT_aboriginal_pct_2001",0.0449187221357537
"CT_married_pct_2016",0.04381662298833
"CT_bachelors_pct_2006",0.0435395643390232
"food_retail24",0.0427118086369137
"CT_avg_dwelling_ln_2001",0.0424747113354619
"weighted_diversity_13",0.0397324052593541
"CT_med_income_ln_abschange_slag",0.0395113655574687
"CT_unemployment_rate_trend_slag",0.038013038376306
"CT_bachelors_pct_2016",0.0369311032829096
"degree_norm_slag",0.0366933320383891
"CT_recent_immig_pct_2016_slag",0.0355393350361494
"CT_avg_dwelling_ln_2006_slag",0.0351143173406282
"CT_avg_dwelling_ln_2001_slag",0.0334405628825121
"CT_pop_2021",0.0325846782167676
"CT_married_pct_trend",0.0321127071771244
"CT_bachelors_pct_abschange_slag",0.0306813326380289
"CT_bachelors_pct_2016_slag",0.0295588246718377
"CT_bachelors_pct_cv_slag",0.0294800959993867
"CT_pop_2021_slag",0.0287628589303972
"CT_unemployment_rate_abschange",0.0285220866967512
"CT_unemployment_rate_trend",0.0276228064342539
"closeness_norm",0.0275681544879334
"food_retail25",0.0274260581117046
"CT_med_income_ln_trend",0.0267728218945296
"CT_aboriginal_pct_2021",0.0257307004744308
"CT_med_income_ln_cv",0.0254487921446861
"CT_unemployment_rate_2006",0.0251093450180126
"CT_unemployment_rate_2001",0.0249099892541728
"CT_vismin_pct_trend_slag",0.0248188854398341
"CT_unemployment_rate_abschange_slag",0.0242759760061529
"CT_med_income_ln_2001_slag",0.024117789097352
"CT_bachelors_pct_2001_slag",0.0233535630071403
"CT_bachelors_pct_2001",0.0218375909592475
"CT_vismin_pct_trend",0.0214266402333167
"fast_food06_slag",0.0210644833224867
"fast_food12_slag",0.0208441843902547
"weighted_diversity_10",0.0207839619320528
"CT_bachelors_pct_2006_slag",0.0189891132024628
"CT_med_income_ln_2006_slag",0.0189815043668473
"bar_lounge01_slag",0.0184632998739268
"CT_bachelors_pct_2011_slag",0.0184095843857992
"CT_unemployment_rate_2021",0.0181932860496796
"weighted_diversity_23",0.0178354020105541
"CT_males_young_pct_2021_slag",0.0176595810311468
"CT_lone_parent_ln_2016",0.0175732596678883
"fast_food23",0.01752279376056
"weighted_diversity_14",0.0172742322737968
"fast_food01",0.0172157437567735
"closeness_norm_slag",0.0171461953412207
"closeness_edge",0.017009475269794
"CT_pop_abschange",0.0169637526479381
"CT_avg_dwelling_ln_2006",0.0168814923026252
"eigenvector_norm_slag",0.0168590576411678
"degree_edge_slag",0.0168436018498138
"food_retail23",0.016744290160209
"CT_pop_2006",0.0167215103617733
"CT_pop_pctchange",0.0164730133334991
"CT_renters_pct_2011",0.0162366863895147
"CT_avg_dwelling_ln_2011_slag",0.0160994960998603
"liquor_store20_slag",0.0160809227214928
"CT_aboriginal_pct_abschange",0.0160613553120601
"CT_pop_2011",0.0160357481312417
"CT_movers_5yr_pct_2001",0.0158734854127706
"CT_aboriginal_pct_abschange_slag",0.015809392620061
"CT_pop_2011_slag",0.0156650251646638
"CT_vismin_pct_abschange_slag",0.015608668498138
"CT_movers_1yr_pct_cv",0.0155224734037959
"CT_married_pct_2001_slag",0.015242012390687
"liquor_store09_slag",0.0152241476640601
"CT_pop_trend",0.015181551868955
"weighted_diversity_18",0.0150452762700688
"CT_bachelors_pct_trend_slag",0.0149771843290423
"food_retail24_slag",0.0148680097565539
"CT_bachelors_pct_2021",0.0148591734777581
"weighted_diversity_19_slag",0.0148381374569985
"eigen_edge_slag",0.0145755313603133
"liquor_store17_slag",0.014507517525797
"liquor_store23_slag",0.0142742593559043
"CT_aboriginal_pct_trend_slag",0.0139519613768793
"CT_med_income_ln_2006",0.0138966524917218
"liquor_store25",0.0137825470341762
"CT_lone_parent_ln_2001_slag",0.0137551814191143
"weighted_diversity_12",0.0137416415054548
"CT_recent_immig_pct_2011_slag",0.0136848321315283
"fast_food14",0.0135763908256406
"restaurant16",0.013519152313334
"CT_med_income_ln_abschange",0.0133969557727505
"fast_food17",0.0133891157354188
"CT_pop_pctchange_slag",0.0132822301548856
"food_retail18",0.0129363495820128
"CT_recent_immig_pct_cv",0.0126214670531629
"weighted_diversity_22_slag",0.0121742043752241
"restaurant24",0.0121524117321856
"CT_movers_1yr_pct_cv_slag",0.0121507323991133
"fast_food05",0.0121482543962956
"food_retail10",0.0119382149816472
"fast_food02",0.0119377577875751
"liquor_store04_slag",0.0118092105388335
"fast_food18",0.0117403930485262
"fast_food20",0.011727569526397
"diversity_08_slag",0.0116764338956139
"CT_lone_parent_ln_2016_slag",0.0114414447207756
"CT_married_pct_2001",0.0114112991496653
"restaurant14",0.0114035386085893
"bar_lounge04_slag",0.0113661948418329
"CT_bachelors_pct_2021_slag",0.0113435391942748
"CT_med_income_ln_pctchange",0.0112809597727219
"CT_males_young_pct_abschange",0.011255174978549
"CT_vismin_pct_2021",0.0112413268476991
"fast_food04_slag",0.0111896368100216
"CT_lone_parent_ln_2021",0.0111566432436295
"weighted_diversity_03_slag",0.0110866085071627
"segment_length_norm",0.0110774665055533
"liquor_store24_slag",0.0110270168843015
"fast_food09_slag",0.0108931657987829
"restaurant02",0.0107052833793495
"CT_avg_dwelling_ln_2021_slag",0.0106749337552769
"liquor_store25_slag",0.0106333890149664
"CT_renters_pct_2016",0.0105035554071326
"CT_vismin_pct_2011_slag",0.0104818136518548
"restaurant20",0.01039298048712
"bar_lounge25_slag",0.0103374441167638
"CT_unemployment_rate_2021_slag",0.0103368059139165
"weighted_diversity_07_slag",0.0102819017478911
"restaurant12",0.0101656947285249
"weighted_diversity_10_slag",0.0100721578482083
"CT_renters_pct_2011_slag",0.0100574757321214
"bar_lounge15_slag",0.00985137830038348
"CT_movers_1yr_pct_abschange",0.00979070463110764
"CT_married_pct_trend_slag",0.00977587240363703
"fast_food07_slag",0.0097215146841127
"CT_renters_pct_2006_slag",0.00969716832137705
"CT_lone_parent_ln_2006_slag",0.00965285997653882
"restaurant19",0.00963255182406193
"bar_lounge07",0.00953779736278564
"food_retail01_slag",0.00952609246883907
"restaurant22",0.00949574068632635
"CT_bachelors_pct_2011",0.00942625990689709
"CT_shelter_pct_2001",0.00941944821025029
"bar_lounge24",0.00937395776507434
"bar_lounge02_slag",0.00928443000071672
"weighted_diversity_11",0.00928093469547802
"CT_med_income_ln_2016",0.00902782924818242
"diversity_10_slag",0.00900730567965974
"CT_vismin_pct_abschange",0.00896806092316958
"fast_food22",0.00890713968515305
"CT_pop_abschange_slag",0.00887353671646738
"CT_movers_1yr_pct_2021",0.00886771580204779
"fast_food02_slag",0.0087363147772259
"liquor_store18",0.00873488707201677
"weighted_diversity_20_slag",0.00873073716761304
"fast_food15_slag",0.00865016559199048
"CT_avg_dwelling_ln_2011",0.00855063536765178
"liquor_store18_slag",0.00848737713055416
"weighted_diversity_17",0.00836534950958452
"diversity_16_slag",0.00836482089133031
"weighted_diversity_09_slag",0.00831261955220628
"CT_vismin_pct_cv_slag",0.0082604287904952
"fast_food08",0.00825254578675636
"food_retail11_slag",0.00824243852667868
"CT_renters_pct_2001",0.00816233988347691
"CT_movers_1yr_pct_2016_slag",0.00800694118454642
"CT_pop_2016_slag",0.00795191493292633
"closeness_edge_slag",0.00794785574606881
"diversity_06_slag",0.00776986063562995
"CT_apt_5plus_ln_2006_slag",0.00775718335196074
"liquor_store06_slag",0.0077239755316368
"bar_lounge09",0.00765287348468498
"fast_food13",0.00762587489778465
"dist_centre_slag",0.00757789663118938
"CT_unemployment_rate_cv_slag",0.00756987306120709
"CT_males_young_pct_2001",0.00753690822038563
"food_retail15",0.00750633932070988
"restaurant25",0.00750256063247918
"fast_food06",0.00745806164288885
"CT_married_pct_2006_slag",0.00743553217516814
"CT_apt_5plus_ln_2016_slag",0.00740225094113816
"CT_movers_5yr_pct_trend_slag",0.00739913462477001
"food_retail13",0.0073116349213774
"CT_shelter_pct_2021",0.00724698157318104
"CT_movers_1yr_pct_2006",0.00722851634837566
"CT_med_income_ln_2011_slag",0.0072268205195559
"liquor_store03_slag",0.00714398667996181
"CT_movers_5yr_pct_2016",0.00702505730088242
"dead_end_slag",0.00701194430878322
"weighted_diversity_06_slag",0.00700104490526264
"food_retail16_slag",0.0069277419224975
"CT_shelter_pct_2016",0.00691419276288493
"CT_unemployment_rate_cv",0.00684865872860338
"CT_med_income_ln_2021",0.00682094431762911
"CT_movers_5yr_pct_abschange",0.00679774722469455
"restaurant09",0.00678874519665719
"bar_lounge11_slag",0.0067561102108089
"CT_med_income_ln_2016_slag",0.00670125216532136
"CT_apt_5plus_ln_2006",0.00658958017429799
"fast_food16",0.00653612249498055
"eigenvector_norm",0.00652266997623721
"CT_apt_5plus_ln_2001",0.0065052109013975
"n_segments_slag",0.00648877471693634
"CT_movers_5yr_pct_cv_slag",0.00646879569438318
"liquor_store05_slag",0.0064344229663704
"CT_med_income_ln_2021_slag",0.00634138777083713
"fast_food03_slag",0.00630010555524168
"weighted_diversity_15",0.00629614006588881
"CT_pop_2001_slag",0.00626700187522939
"weighted_diversity_11_slag",0.00623174191261621
"CT_married_pct_2006",0.00623142535180173
"CT_med_income_ln_2011",0.00622436060578556
"fast_food12",0.00619159783578486
"liquor_store07_slag",0.00608222659228206
"CT_vismin_pct_2001_slag",0.00602780226349544
"liquor_store19",0.00596828494791074
"liquor_store17",0.00589576441393737
"liquor_store01_slag",0.00580277176875539
"restaurant01",0.00574113973825038
"CT_recent_immig_pct_trend_slag",0.00567958039143455
"CT_males_young_pct_2006_slag",0.00566337758470909
"liquor_store21",0.00565857162516944
"CT_avg_dwelling_ln_2021",0.00565402750765092
"food_retail09_slag",0.00562290345829341
"food_retail05_slag",0.00558736596823777
"liquor_store16_slag",0.00556835014864338
"bar_lounge07_slag",0.00551311458029071
"restaurant04",0.00545683105458954
"liquor_store11_slag",0.00542555375677039
"CT_movers_1yr_pct_2001",0.00539389246617297
"CT_movers_1yr_pct_abschange_slag",0.00532498133673026
"CT_aboriginal_pct_cv_slag",0.00530888608921025
"food_retail06_slag",0.00528225346592148
"liquor_store09",0.00519897190791341
"weighted_diversity_13_slag",0.00519226124472804
"CT_lone_parent_ln_2001",0.00509921207441226
"CT_pop_cv_slag",0.00507843179848054
"bar_lounge08",0.00507329304536385
"bar_lounge22_slag",0.00499677964692976
"CT_recent_immig_pct_2006_slag",0.00497938821282464
"CT_renters_pct_2016_slag",0.00494198615616802
"CT_movers_5yr_pct_2001_slag",0.00487241794839333
"bar_lounge20_slag",0.00484410333685704
"diversity_13_slag",0.00482492359470815
"CT_shelter_pct_cv",0.00471035202892311
"CT_movers_1yr_pct_2001_slag",0.00470330258178471
"liquor_store10_slag",0.00466518745989773
"CT_shelter_pct_2011_slag",0.00465276880247297
"CT_vismin_pct_2006_slag",0.0046454021998533
"liquor_store15_slag",0.00457661184574496
"bar_lounge08_slag",0.00454028185747121
"fast_food10_slag",0.00451252790937494
"restaurant21_slag",0.00444471273920643
"fast_food01_slag",0.00444333039688443
"food_retail02_slag",0.00442713541643816
"CT_renters_pct_abschange",0.0043988280353135
"fast_food04",0.00437411111881842
"restaurant10_slag",0.00423382264840902
"restaurant05",0.00420370728972389
"bar_lounge22",0.00419344184433912
"weighted_diversity_05_slag",0.00417608529730551
"fast_food05_slag",0.00415029369552342
"degree_norm",0.0041325912027306
"fast_food21_slag",0.00412082257910519
"fast_food03",0.00409331790647231
"fast_food14_slag",0.00408598945233304
"bar_lounge13",0.00405646047252639
"CT_movers_5yr_pct_2011",0.00405438004397932
"liquor_store19_slag",0.00402985719241408
"liquor_store15",0.00402608435890825
"CT_movers_1yr_pct_trend_slag",0.00400745405071799
"fast_food20_slag",0.00400536503040606
"CT_avg_dwelling_ln_cv_slag",0.00400292047346709
"CT_movers_5yr_pct_abschange_slag",0.00400027555591919
"food_retail05",0.00399191296200032
"betweenness_norm_slag",0.00398214392798079
"diversity_21_slag",0.00394435118557531
"food_retail21_slag",0.00393048653596614
"food_retail25_slag",0.00391446385941935
"CT_bachelors_pct_trend",0.00389850870148287
"restaurant21",0.00387677979230066
"food_retail07_slag",0.00381266743106643
"bar_lounge06",0.00373516737081482
"food_retail03_slag",0.00372662441872911
"bar_lounge16",0.00362904190464588
"food_retail19",0.00362600818840173
"CT_recent_immig_pct_2016",0.00358788572768733
"CT_movers_5yr_pct_2021_slag",0.00358779137987435
"liquor_store13_slag",0.00355486049958933
"restaurant06",0.00349163373956862
"CT_married_pct_abschange",0.00343360372884095
"fast_food21",0.00342821242414605
"CT_males_young_pct_trend_slag",0.00340329800562255
"fast_food15",0.00339261190066056
"cannabis25",0.00333387202907681
"restaurant19_slag",0.00331268736418041
"restaurant15",0.00326275441573125
"weighted_diversity_18_slag",0.00323463564752171
"restaurant07",0.00322036198264106
"CT_vismin_pct_2006",0.0032097438168067
"food_retail12_slag",0.00317335606801746
"restaurant17_slag",0.00315043536294465
"liquor_store08_slag",0.00308990728642319
"restaurant23_slag",0.00308232191544792
"bar_lounge03_slag",0.00306187569440831
"CT_pop_2001",0.00296003689543871
"diversity_08",0.0029379975306604
"fast_food11",0.00293525833191641
"restaurant23",0.00293525274410084
"diversity_25",0.00292424454658495
"bar_lounge06_slag",0.00290944295792881
"food_retail17",0.0029052585486882
"CT_recent_immig_pct_abschange",0.00288324075640024
"food_retail08",0.00287103350680275
"dist_centre_norm_slag",0.00285568827808708
"bar_lounge12_slag",0.0028464804887772
"dist_centre_norm",0.00283939953669859
"CT_unemployment_rate_2016_slag",0.00282816389821974
"food_retail11",0.00272809064659325
"restaurant03_slag",0.00272763573549942
"CT_unemployment_rate_2016",0.00271615369446839
"restaurant01_slag",0.00269286518754819
"diversity_25_slag",0.00268434555685968
"food_retail13_slag",0.0026370257655951
"weighted_diversity_04_slag",0.00261255994419389
"weighted_diversity_08",0.00259831221785104
"liquor_store05",0.00259017045454545
"food_retail04_slag",0.00257788948897545
"tortuosity_slag",0.00257569381571515
"fast_food24",0.00256769493275805
"food_retail20",0.00253866413020393
"CT_renters_pct_2021_slag",0.00253672496928578
"weighted_diversity_23_slag",0.0024084543417064
"food_retail18_slag",0.00240322502260075
"diversity_05_slag",0.0023978575387238
"weighted_diversity_07",0.00236267244786469
"fast_food22_slag",0.0023223192626897
"CT_shelter_pct_2006_slag",0.0022834413986199
"restaurant15_slag",0.00226043885672626
"weighted_diversity_16_slag",0.00223985824689736
"food_retail22_slag",0.00223829498136124
"CT_movers_5yr_pct_2016_slag",0.00223072696331168
"restaurant03",0.00222740472306928
"CT_avg_dwelling_ln_pctchange_slag",0.00217934322460519
"bar_lounge10",0.00217610959049322
"CT_shelter_pct_2021_slag",0.00214931898845962
"weighted_diversity_04",0.00211065254927428
"CT_renters_pct_cv_slag",0.00210936886441605
"weighted_diversity_08_slag",0.00207453088205373
"restaurant02_slag",0.00206248644339572
"CT_avg_dwelling_ln_2016",0.00193145284277305
"fast_food25_slag",0.00187339365166451
"restaurant25_slag",0.00186322435513002
"liquor_store12_slag",0.00183905214925548
"diversity_11",0.00180325131745155
"bar_lounge21_slag",0.00180090443093442
"bar_lounge23_slag",0.00176478631272679
"degree_edge",0.00176392045306807
"liquor_store02_slag",0.00176370410840493
"CT_shelter_pct_cv_slag",0.0017522439747501
"food_retail14",0.00173883430896306
"CT_renters_pct_2001_slag",0.00173174535885605
"food_retail16",0.00172220691071759
"liquor_store04",0.00169693815987933
"dist_centre",0.00166073594114827
"restaurant11",0.00161245643583232
"CT_movers_1yr_pct_2011_slag",0.00160332833730583
"bar_lounge17",0.00157409711274801
"diversity_18_slag",0.00156248009176614
"restaurant17",0.00152727802426801
"CT_bachelors_pct_abschange",0.00149751656898424
"CT_recent_immig_pct_trend",0.00149419560210583
"CT_vismin_pct_2016_slag",0.00146941035546917
"bar_lounge04",0.00143222395433764
"CT_pop_2006_slag",0.00141252922113349
"CT_movers_5yr_pct_2006_slag",0.00137893392897804
"CT_vismin_pct_2016",0.00137742641349759
"bar_lounge20",0.00136855008912411
"CT_avg_dwelling_ln_trend",0.00133924888119895
"restaurant06_slag",0.00131607267853512
"bar_lounge18",0.00130532158601929
"CT_apt_5plus_ln_2001_slag",0.00124454074166811
"restaurant10",0.00121739509705698
"CT_movers_1yr_pct_trend",0.0011917526427275
"food_retail06",0.00118937629864273
"fast_food23_slag",0.00117702032168479
"CT_recent_immig_pct_2001_slag",0.00109344381262636
"diversity_05",0.00102389277389277
"CT_males_young_pct_2016",0.00101092187636654
"restaurant05_slag",0.00100055246488053
"restaurant20_slag",0.000998731641975786
"liquor_store06",0.00098509837962963
"weighted_diversity_20",0.000975795162542946
"liquor_store10",0.000967245717213112
"diversity_06",0.000952730461073317
"fast_food07",0.000949546213045938
"CT_renters_pct_trend",0.000935764413251802
"bar_lounge19",0.000864061663159538
"CT_males_young_pct_2001_slag",0.000851909896016513
"bar_lounge15",0.000836172461409346
"CT_avg_dwelling_ln_pctchange",0.000816991300023492
"bar_lounge12",0.000788163273330692
"weighted_diversity_22",0.000779197713209562
"bar_lounge17_slag",0.000772389668637881
"food_retail03",0.000770728197911485
"food_retail01",0.000765850807984063
"diversity_11_slag",0.000762251423225249
"diversity_14_slag",0.000749993723216997
"liquor_store14",0.00065636065678304
"restaurant07_slag",0.000655766532929438
"bar_lounge18_slag",0.000654001670856471
"CT_married_pct_cv_slag",0.000645748585763081
"bar_lounge09_slag",0.000642909627558502
"liquor_store20",0.000640729700283814
"CT_shelter_pct_2006",0.000593910754424007
"bar_lounge14_slag",0.000550718555271211
"fast_food24_slag",0.000543422602751008
"liquor_store11",0.00054
"tortuosity_norm_slag",0.000485234279713324
"CT_vismin_pct_2021_slag",0.000442274196359518
"diversity_13",0.000434782608695651
"CT_vismin_pct_2001",0.000418993065708535
"food_retail07",0.000391838738466346
"diversity_18",0.000362937889533633
"diversity_16",0.000331177110080768
"bar_lounge11",0.000309238328046394
"diversity_20",0.000272727272727272
"CT_males_young_pct_cv_slag",0.000244907749435447
"bar_lounge25",0.000228233293317327
"diversity_19",0.000214202437731849
"diversity_15",0.000195271867612295
"bar_lounge14",0.0001883598434723
"diversity_22",0.000158531499556345
"CT_movers_1yr_pct_2011",0.000154584374850966
"diversity_09_slag",0.000150343934139521
"CT_shelter_pct_2016_slag",0.000143666746200738
"diversity_14",0.000141526175687664
"diversity_03",0.000137673611111111
"fast_food16_slag",9.67379170914295e-05
"diversity_15_slag",7.70793772054272e-05
"segment_length_slag",4.83243237221931e-05
"diversity_19_slag",4.33220269297987e-05
"diversity_21",4.16666666666661e-05
"liquor_store08",4.09424154277076e-05
"food_retail02",2.6538964006706e-05
"diversity_17",0
"cannabis01",0
"cannabis02",0
"cannabis03",0
"cannabis04",0
"cannabis05",0
"cannabis06",0
"cannabis07",0
"cannabis08",0
"cannabis09",0
"cannabis10",0
"cannabis11",0
"cannabis12",0
"cannabis13",0
"cannabis14",0
"cannabis15",0
"cannabis16",0
"cannabis17",0
"cannabis18",0
"cannabis19",0
"cannabis20",0
"cannabis21",0
"cannabis22",0
"cannabis23",0
"liquor_store02",0
"liquor_store03",0
"cannabis01_slag",0
"cannabis02_slag",0
"cannabis03_slag",0
"cannabis04_slag",0
"cannabis05_slag",0
"cannabis06_slag",0
"cannabis07_slag",0
"cannabis08_slag",0
"cannabis09_slag",0
"cannabis10_slag",0
"cannabis11_slag",0
"cannabis12_slag",0
"cannabis13_slag",0
"cannabis14_slag",0
"cannabis15_slag",0
"cannabis16_slag",0
"cannabis17_slag",0
"cannabis18_slag",0
"cannabis19_slag",0
"cannabis20_slag",0
"cannabis21_slag",0
"cannabis22_slag",0
"cannabis23_slag",0
"bar_lounge05",-9.89816221405171e-06
"bar_lounge01",-2.62836638826993e-05
"food_retail04",-8.38059379667167e-05
"diversity_04",-8.40853158326489e-05
"liquor_store07",-0.000110468982914803
"liquor_store22",-0.000114955380882414
"CT_males_young_pct_cv",-0.000136512474492643
"CT_recent_immig_pct_2021",-0.000184533659655373
"restaurant24_slag",-0.000210314483554383
"CT_avg_dwelling_ln_2016_slag",-0.000211605766253085
"bar_lounge21",-0.000236557588562613
"CT_movers_1yr_pct_2006_slag",-0.000274634778088063
"diversity_24",-0.000277046767915561
"diversity_07",-0.000305587225121551
"liquor_store01",-0.000308823529411764
"diversity_23",-0.000321189405994955
"restaurant18_slag",-0.000345300993282412
"CT_males_young_pct_abschange_slag",-0.000358237508000074
"CT_renters_pct_2021",-0.000388637532555387
"CT_movers_1yr_pct_2016",-0.000396219034022075
"restaurant11_slag",-0.000403522958739962
"diversity_12",-0.000409816042780752
"diversity_10",-0.000440332225913618
"liquor_store12",-0.000444677872638366
"food_retail09",-0.000453523515683079
"liquor_store16",-0.000467917568780125
"food_retail21",-0.000481457465199936
"CT_recent_immig_pct_2021_slag",-0.000491110844053144
"diversity_09",-0.000495396825396822
"CT_males_young_pct_2016_slag",-0.000499279889584081
"CT_avg_dwelling_ln_cv",-0.000514356933017885
"fast_food11_slag",-0.000514450340168338
"CT_avg_dwelling_ln_abschange_slag",-0.00052347798007773
"CT_recent_immig_pct_2006",-0.00052554815687475
"CT_lone_parent_ln_2021_slag",-0.000580869289164584
"fast_food18_slag",-0.000651181238481316
"weighted_diversity_05",-0.000656024801574772
"restaurant13_slag",-0.000665970221591939
"diversity_12_slag",-0.000729955746570006
"diversity_04_slag",-0.000755720292840817
"CT_apt_5plus_ln_2021",-0.000758654823060116
"CT_renters_pct_trend_slag",-0.000758897328483128
"food_retail12",-0.000775132516760014
"bar_lounge23",-0.000808952981494304
"diversity_17_slag",-0.000993947169578359
"CT_shelter_pct_2011",-0.00100235732072716
"diversity_07_slag",-0.00118022281645105
"fast_food08_slag",-0.00119792138476804
"diversity_03_slag",-0.00119986859745956
"restaurant09_slag",-0.00121406193307177
"weighted_diversity_12_slag",-0.00121614693221556
"diversity_20_slag",-0.00122440366627924
"eigen_edge",-0.00122894510014863
"CT_movers_5yr_pct_cv",-0.00125664881912962
"restaurant08",-0.00127868177228609
"restaurant14_slag",-0.00129667192563614
"CT_aboriginal_pct_trend",-0.00133787058484621
"bar_lounge13_slag",-0.00138655421623654
"cannabis25_slag",-0.00151055914568689
"food_retail17_slag",-0.00157196242907389
"liquor_store13",-0.00157743320647052
"fast_food25",-0.00158290559971581
"restaurant18",-0.00162247501913377
"restaurant08_slag",-0.00179252666420138
"dead_end",-0.0018313128395679
"liquor_store23",-0.00187230922281265
"CT_married_pct_abschange_slag",-0.00189806984116318
"CT_shelter_pct_2001_slag",-0.00190320825107359
"CT_pop_trend_slag",-0.00191602646767036
"bar_lounge16_slag",-0.00194103764644209
"CT_married_pct_cv",-0.00195333953820585
"CT_recent_immig_pct_abschange_slag",-0.00198264217326229
"bar_lounge02",-0.00199081383789922
"bar_lounge19_slag",-0.00208102693815125
"weighted_diversity_17_slag",-0.0021230734193397
"CT_aboriginal_pct_cv",-0.00213969090702022
"liquor_store22_slag",-0.00241907679133834
"CT_lone_parent_ln_2006",-0.00248464374243273
"weighted_diversity_19",-0.00254020372575231
"weighted_diversity_24",-0.00254345763082781
"bar_lounge05_slag",-0.00260685491397613
"weighted_diversity_21_slag",-0.00274088810216083
"fast_food10",-0.00278731299374601
"restaurant22_slag",-0.00280334973387933
"food_retail14_slag",-0.00301107899939997
"liquor_store24",-0.00307379904524392
"cannabis24",-0.00314172026829324
"diversity_22_slag",-0.00314444462455697
"restaurant12_slag",-0.00321561336681991
"food_retail15_slag",-0.00322085818980356
"fast_food19",-0.00323214199695522
"cannabis24_slag",-0.00332465154061629
"CT_renters_pct_cv",-0.00333684730359599
"weighted_diversity_09",-0.0033616178996916
"CT_males_young_pct_2006",-0.00342295560084572
"weighted_diversity_21",-0.00345090351497797
"weighted_diversity_06",-0.00346253659716742
"bar_lounge10_slag",-0.00350847391125757
"fast_food09",-0.00355787517614727
"CT_movers_5yr_pct_trend",-0.00364753752151689
"weighted_diversity_03",-0.00381907240330597
"betweenness",-0.00382924421804927
"segment_length_norm_slag",-0.00385155420175626
"food_retail19_slag",-0.00396048962649272
"tortuosity",-0.00403722044872009
"CT_vismin_pct_cv",-0.0040585176533752
"CT_movers_5yr_pct_2021",-0.00422276656695339
"food_retail22",-0.00430813818192173
"fast_food19_slag",-0.00456218141606903
"liquor_store21_slag",-0.00490646582750105
"CT_movers_1yr_pct_2021_slag",-0.00493339090984152
"food_retail08_slag",-0.00517752206366443
"restaurant04_slag",-0.00537126114116937
"CT_recent_immig_pct_2011",-0.00542932836240813
"CT_recent_immig_pct_cv_slag",-0.00571556155427836
"diversity_24_slag",-0.00578631770261493
"fast_food17_slag",-0.0058901445687883
"CT_apt_5plus_ln_2016",-0.00600270189788507
"food_retail23_slag",-0.00603952050940354
"CT_renters_pct_2006",-0.00609113312640978
"weighted_diversity_24_slag",-0.00636857608105887
"liquor_store14_slag",-0.00661262858397596
"CT_apt_5plus_ln_2021_slag",-0.00664048485873291
"food_retail20_slag",-0.00681435971203887
"CT_movers_5yr_pct_2006",-0.00691668812317688
"diversity_23_slag",-0.00697550613923288
"CT_movers_5yr_pct_2011_slag",-0.00729340501635753
"food_retail10_slag",-0.00735810143971838
"restaurant16_slag",-0.00756490954069479
"CT_avg_dwelling_ln_trend_slag",-0.00766144956228021
"CT_vismin_pct_2011",-0.00766469419336891
"bar_lounge03",-0.00786641648179003
"weighted_diversity_15_slag",-0.0079802469707404
"betweenness_norm",-0.00826913285850963
"CT_avg_dwelling_ln_abschange",-0.00830214407993789
"segment_length",-0.00870917564833653
"betweenness_slag",-0.00923218317706355
"weighted_diversity_14_slag",-0.00936528195828441
"tortuosity_norm",-0.00953353893116137
"bar_lounge24_slag",-0.00994674109450238
"weighted_diversity_16",-0.0107861075205682
"CT_pop_2016",-0.0108077824657429
"weighted_diversity_25_slag",-0.0108820187418173
"CT_pop_cv",-0.0117770689563238
"CT_recent_immig_pct_2001",-0.0122125030174347
"CT_males_young_pct_2021",-0.0127474316020392
"fast_food13_slag",-0.013615782591751
"restaurant13",-0.0140126288904181
"CT_males_young_pct_trend",-0.0234818669643582
